stad;zoekwoord;positie;vorige;onze_pagina;top3
Groningen;escaperoom groningen;;3;;outsideescape.nl, escapehunt.com, www.tripadvisor.com
Groningen;escape room groningen;;;;escapehunt.com, www.escaperoomsnederland.nl, www.goldbergescape.nl
Groningen;bedrijfsuitje groningen;;;;www.uitjeseneten.nl, www.monsterevents.nl, www.wegmetdebaas.nl
Groningen;teamuitje groningen;;;;www.rondjemario.nl, www.buitenevents.nl, hetstrandheem.nl
Groningen;vrijgezellenfeest groningen;;;;www.reddit.com, jpactiviteiten.nl, boelgroningen.nl
Winschoten;escaperoom winschoten;;;;www.1001activiteiten.nl, www.1001activiteiten.nl, www.1001activiteiten.nl
Winschoten;escape room winschoten;;19;;www.fijnuit.nl, www.1001activiteiten.nl, escapetalk.nl
Winschoten;bedrijfsuitje winschoten;;;;www.1001activiteiten.nl, www.1001activiteiten.nl, www.1001activiteiten.nl
Winschoten;teamuitje winschoten;;27;;www.1001activiteiten.nl, uitjesbrigade.com, www.1001activiteiten.nl
Winschoten;vrijgezellenfeest winschoten;;10;;www.facebook.com, winschoten200.nl, www.tripadvisor.nl
Leeuwarden;escaperoom leeuwarden;;16;;www.facebook.com, www.leeuwardencityevents.nl, breakinbattle.nl
Leeuwarden;escape room leeuwarden;3;2;https://escapegamethehunt.nl/escape-game-the-hunt-locaties/escape-game-the-hunt-leeuwarden/;escaperoom058.nl, www.escaperoomsnederland.nl, escapegamethehunt.nl
Leeuwarden;bedrijfsuitje leeuwarden;;;;www.leeuwardencityevents.nl, www.monsterevents.nl, www.stadsarrangement.nl
Leeuwarden;teamuitje leeuwarden;;;;www.leeuwardencityevents.nl, www.aguidetoleeuwarden.nl, deskevetoren.nl
Leeuwarden;vrijgezellenfeest leeuwarden;;25;;boelleeuwarden.nl, qula.info, www.buffetparty.org
Drachten;escaperoom drachten;;;;escapetalk.nl, www.facebook.com, escapetours.com
Drachten;escape room drachten;;;;escapetours.com, escapetalk.nl, worldofescapes.nl
Drachten;bedrijfsuitje drachten;;;;www.1001activiteiten.nl, www.1001activiteiten.nl, www.hoteldrachten.nl
Drachten;teamuitje drachten;;;;www.wegmetdebaas.nl, www.1001activiteiten.nl, www.old-dutch.com
Drachten;vrijgezellenfeest drachten;;9;;www.1001activiteiten.nl, www.old-dutch.com, hetstrandheem.nl
Heerenveen;escaperoom heerenveen;7;;https://escapegamethehunt.nl/vrijgezellenfeest-heerenveen-ontsnap-aan-de-hunters-met-escape-game-the-hunt/;battlehouse.nl, www.grootheerenveen.nl, escapetalk.nl
Heerenveen;escape room heerenveen;27;;https://escapegamethehunt.nl/vrijgezellenfeest-heerenveen-ontsnap-aan-de-hunters-met-escape-game-the-hunt/;battlehouse.nl, www.escaperoomsnederland.nl, escapetalk.nl
Heerenveen;bedrijfsuitje heerenveen;;;;www.wegmetdebaas.nl, www.tbevents.nl, www.wegmetdebaas.nl
Heerenveen;teamuitje heerenveen;9;;https://escapegamethehunt.nl/vrijgezellenfeest-heerenveen-ontsnap-aan-de-hunters-met-escape-game-the-hunt/;battlehouse.nl, www.wegmetdebaas.nl, battlehouse.nl
Heerenveen;vrijgezellenfeest heerenveen;6;;https://escapegamethehunt.nl/vrijgezellenfeest-heerenveen-ontsnap-aan-de-hunters-met-escape-game-the-hunt/;www.vrijgezellenfeest-organiseren.nl, vrijgezellenfeestjeheerenveen.nl, battlehouse.nl
Assen;escaperoom assen;;;;assenescaperooms.nl, rubyescaperooms.nl, assenescaperooms.nl
Assen;escape room assen;;;;assenescaperooms.nl, www.drenthe.nl, www.everyescaperoom.nl
Assen;bedrijfsuitje assen;;;;www.outdoor-drenthe.com, www.wegmetdebaas.nl, www.wegmetdebaas.nl
Assen;teamuitje assen;;;;spellenwereldassen.nl, www.dagjeweg.nl, www.wegmetdebaas.nl
Assen;vrijgezellenfeest assen;;;;www.outdoor-drenthe.com, www.1001activiteiten.nl, www.1001activiteiten.nl
Emmen;escaperoom emmen;;;;www.emmenescapes.nl, escaperoomemmen.nl, escapetalk.nl
Emmen;escape room emmen;;;;www.emmenescapes.nl, www.tripadvisor.nl, www.emmenescapes.nl
Emmen;bedrijfsuitje emmen;;;;www.evenuit.com, www.1001personeelsuitjes.nl, www.wegmetdebaas.nl
Emmen;teamuitje emmen;;;;www.urbangrnd.nl, www.sandur.nl, www.1001activiteiten.nl
Emmen;vrijgezellenfeest emmen;;;;www.vrijgezellenfeest-organiseren.nl, www.1001activiteiten.nl, www.urbangrnd.nl
Meppel;escaperoom meppel;;;;www.facebook.com, thegreatescape.nl, escapetalk.nl
Meppel;escape room meppel;;;;uitjezoeker.nl, escapetheroomz.com, www.facebook.com
Meppel;bedrijfsuitje meppel;;;;uitjesbazen.nl, www.wegmetdebaas.nl, www.uitjeseneten.nl
Meppel;teamuitje meppel;;;;www.dagjeweg.nl, www.wegmetdebaas.nl, www.villakalkoven.nl
Meppel;vrijgezellenfeest meppel;;6;;www.feestdeel.nl, www.1001activiteiten.nl, www.wegmetdebaas.nl
Zwolle;escaperoom zwolle;;;;thegreatescape.nl, escapezwolle.nl, www.escaperoomsnederland.nl
Zwolle;escape room zwolle;;;;escapezwolle.nl, www.fijnuit.nl, www.facebook.com
Zwolle;bedrijfsuitje zwolle;;;;uitjesbazen.nl, www.bedrijfsfeest.nl, www.wegmetdebaas.nl
Zwolle;teamuitje zwolle;;;;www.wegmetdebaas.nl, pubevents.nl, www.rondjemario.nl
Zwolle;vrijgezellenfeest zwolle;;;;ragecar.nl, www.aktief-overijssel.nl, www.gotcha.nu
Kampen;escaperoom kampen;;;;visitkampen.nl, www.bokhorstverzekeringen.nl, www.destentor.nl
Kampen;escape room kampen;7;;https://escapegamethehunt.nl/escape-game-the-hunt-locaties/escape-game-the-hunt-kampen/;kamperevents.nl, www.escaperoomsnederland.nl, thegreatescape.nl
Kampen;bedrijfsuitje kampen;;;;kamperevents.nl, teamuitjesmakelaar.nl, kamperuitjes.nl
Kampen;teamuitje kampen;;;;www.1001activiteiten.nl, kamperevents.nl, visitkampen.nl
Kampen;vrijgezellenfeest kampen;;;;www.1001activiteiten.nl, kamperevents.nl, www.1001activiteiten.nl
Steenwijk;escaperoom steenwijk;;;;www.codekrakers.nl, www.1001activiteiten.nl, www.fijnuit.nl
Steenwijk;escape room steenwijk;8;;https://escapegamethehunt.nl/escaperoom-steenwijk-ervaar-escape-game-the-hunt/;www.escaperoomsnederland.nl, escapetalk.nl, deslagervanoldemarkt.nl
Steenwijk;bedrijfsuitje steenwijk;;;;eetcafedesteen.nl, www.uitjeseneten.nl, www.wegmetdebaas.nl
Steenwijk;teamuitje steenwijk;;;;pieterpoot.nl, www.1001activiteiten.nl, www.wegmetdebaas.nl
Steenwijk;vrijgezellenfeest steenwijk;12;11;https://escapegamethehunt.nl/escaperoom-steenwijk-ervaar-escape-game-the-hunt/;www.1001activiteiten.nl, www.specialtours.nl, binnenhofpaasloo.nl
Deventer;escaperoom deventer;24;;https://escapegamethehunt.nl/escape-game-the-hunt-locaties/escape-game-the-hunt-deventer/;thegreatescape.nl, www.deventer.info, www.socialdeal.nl
Deventer;escape room deventer;;;;escape-xperience.nl, multifunbussloo.nl, escaperoomdeventer.nl
Deventer;bedrijfsuitje deventer;;;;www.tbevents.nl, www.evenuit.com, outsideescape.nl
Deventer;teamuitje deventer;;29;;bronckhorsthoeve.nl, www.evenuit.com, outsideescape.nl
Deventer;vrijgezellenfeest deventer;16;1;https://escapegamethehunt.nl/vrijgezellenfeest-deventer/;www.vrijgezellenfeest-organiseren.nl, www.uitjesindeventer.nl, indebuurt.nl
Almelo;escaperoom almelo;;;;escapetours.com, www.facebook.com, m.cityappalmelo.nl
Almelo;escape room almelo;;;;indebuurt.nl, m.cityappalmelo.nl, www.facebook.com
Almelo;bedrijfsuitje almelo;;;;www.tpevents.nl, outdoors.nl, zero55.nl
Almelo;teamuitje almelo;;;;outdoors.nl, zero55.nl, www.1001activiteiten.nl
Almelo;vrijgezellenfeest almelo;;;;www.vrijgezellenfeest-organiseren.nl, zero55.nl, www.1001activiteiten.nl
Enschede;escaperoom enschede;25;;https://escapegamethehunt.nl/escape-game-the-hunt-locaties/escape-game-the-hunt-enschede/;enschede.letsescape.nl, www.roomescapeenschede.nl, escapewithfriends.nl
Enschede;escape room enschede;;18;;enschede.letsescape.nl, www.everyescaperoom.nl, www.everyescaperoom.nl
Enschede;bedrijfsuitje enschede;;;;www.uitinenschede.nl, www.wegmetdebaas.nl, zero55.nl
Enschede;teamuitje enschede;;11;;www.uitinenschede.nl, www.1001activiteiten.nl, twentschefoodhal.nl
Enschede;vrijgezellenfeest enschede;;;;www.go-planet.nl, www.go-planet.nl, cateringinenschede.nl
Oldenzaal;escaperoom oldenzaal;;3;;escapetours.com, escapetours.com, museumoldenzaal.nl
Oldenzaal;escape room oldenzaal;3;;https://escapegamethehunt.nl/escape-game-the-hunt-locaties/escape-game-the-hunt-oldenzaal/;museumoldenzaal.nl, escaperoomhoftelangelo.nl, escapegamethehunt.nl
Oldenzaal;bedrijfsuitje oldenzaal;;;;www.wegmetdebaas.nl, www.wegmetdebaas.nl, www.outdoorchallengepark.nl
Oldenzaal;teamuitje oldenzaal;;;;www.uitjeseneten.nl, www.1001activiteiten.nl, www.1001activiteiten.nl
Oldenzaal;vrijgezellenfeest oldenzaal;;;;www.1001activiteiten.nl, www.1001activiteiten.nl, www.wegmetdebaas.nl
Almere;escaperoom almere;;;;www.tripadvisor.nl, www.dagjeweg.nl, www.escaperoomsnederland.nl
Almere;escape room almere;;;;www.skyhighescaperoom.nl, www.escaperoomsnederland.nl, avontuurfabriek.nl
Almere;bedrijfsuitje almere;;;;www.monsterevents.nl, www.uitjeseneten.nl, vvc-adventure.nl
Almere;teamuitje almere;;;;www.gladiator.nl, avontuurfabriek.nl, www.outdoorparkalmere.nl
Almere;vrijgezellenfeest almere;;;;www.youtube.com, www.outdoorparkalmere.nl, vvc-adventure.nl
Arnhem;escaperoom arnhem;;8;;www.everyescaperoom.nl, escapetalk.nl, www.clocked-up.nl
Arnhem;escape room arnhem;;;;www.clocked-up.nl, www.clocked-up.nl, escapetalk.nl
Arnhem;bedrijfsuitje arnhem;;;;arnhemuitjes.nl, www.openluchtmuseum.nl, www.uitjeseneten.nl
Arnhem;teamuitje arnhem;;;;www.monsterevents.nl, bronckhorsthoeve.nl, indebuurt.nl
Arnhem;vrijgezellenfeest arnhem;;;;www.1001vrijgezellenfeesten.nl, www.veluwe-valley.nl, www.regioarnhem.com
Nijmegen;escaperoom nijmegen;;;;www.escaperoomsnederland.nl, escapebootnijmegen.nl, www.hetbuitencentrum.nl
Nijmegen;escape room nijmegen;;;;www.escaperoom-nijmegen.nl, www.intonijmegen.com, www.olroundnijmegen.nl
Nijmegen;bedrijfsuitje nijmegen;;;;planet-awesome.com, top-uitje.nl, getevents.nl
Nijmegen;teamuitje nijmegen;;;;www.tbevents.nl, uitjesbazen.nl, www.dagjeweg.nl
Nijmegen;vrijgezellenfeest nijmegen;;;;www.vrijgezellenfeest-organiseren.nl, www.reddit.com, www.eventidee.nl
Utrecht;escaperoom utrecht;;;;www.dagjeweg.nl, outsideescape.nl, www.fijnuit.nl
Utrecht;escape room utrecht;;;;escapecitybox.com, www.fijnuit.nl, www.thewall.nl
Utrecht;bedrijfsuitje utrecht;;;;puurutrecht.nl, avontuurfabriek.nl, www.monsterevents.nl
Utrecht;teamuitje utrecht;;;;pubevents.nl, www.buitenevents.nl, www.tbevents.nl
Utrecht;vrijgezellenfeest utrecht;;;;www.tbevents.nl, www.hetschwarzwald.nl, www.reddit.com
Amersfoort;escaperoom amersfoort;;27;;liveescape.nl, thevrroom.nl, www.fijnuit.nl
Amersfoort;escape room amersfoort;;;;liveescape.nl, liveescape.nl, escaperoomamersfoort.nl
Amersfoort;bedrijfsuitje amersfoort;;;;www.hotelamersfoorta1.nl, www.wegmetdebaas.nl, www.wegmetdebaas.nl
Amersfoort;teamuitje amersfoort;;;;liveescape.nl, www.wegmetdebaas.nl, www.1001activiteiten.nl
Amersfoort;vrijgezellenfeest amersfoort;;;;www.1001activiteiten.nl, www.onemotion.nl, indebuurt.nl
Amsterdam;escaperoom amsterdam;;;;www.escapehood.nl, thingstodoinamsterdam.com, escapeworld.nl
Amsterdam;escape room amsterdam;;;;escapeworld.nl, www.escaperoomsnederland.nl, www.xitroom.com
Amsterdam;bedrijfsuitje amsterdam;;;;www.muidercompagnie.nl, top-uitje.nl, www.showtime.nl
Amsterdam;teamuitje amsterdam;;;;cinemaculinair.nl, www.feestuitjeamsterdam.nl, www.sherlocked.nl
Amsterdam;vrijgezellenfeest amsterdam;;;;www.thedungeons.com, www.tbevents.nl, www.amsterdambachelor.nl
Haarlem;escaperoom haarlem;;;;www.everyescaperoom.nl, www.escapehaarlem.nl, www.tripadvisor.com
Haarlem;escape room haarlem;;;;www.escapehaarlem.nl, haarlem.letsescape.nl, www.escaperoomsnederland.nl
Haarlem;bedrijfsuitje haarlem;;;;www.monsterevents.nl, www.uitjeseneten.nl, puurhaarlem.nl
Haarlem;teamuitje haarlem;;;;neverrest.nl, uitjesbazen.nl, eventophetwater.nl
Haarlem;vrijgezellenfeest haarlem;;;;www.eenhoornevenementen.nl, www.burlesqueworkshophaarlem.nl, www.1001vrijgezellenfeesten.nl
Alkmaar;escaperoom alkmaar;;5;;worldofescapes.nl, www.tripadvisor.nl, go-kids.nl
Alkmaar;escape room alkmaar;;;;www.everyescaperoom.nl, rubyescaperooms.nl, worldofescapes.nl
Alkmaar;bedrijfsuitje alkmaar;9;;https://escapegamethehunt.nl/actief-bedrijfsuitje-alkmaar/;www.wegmetdebaas.nl, alkmaarseuitjes.nl, getevents.nl
Alkmaar;teamuitje alkmaar;;;;www.uitjeseneten.nl, indoorbeachalkmaar.nl, alkmaarseuitjes.nl
Alkmaar;vrijgezellenfeest alkmaar;;2;;getevents.nl, www.letsroam.com, getevents.nl
Rotterdam;escaperoom rotterdam;;;;www.dagjeweg.nl, www.rotterdam.info, escapetalk.nl
Rotterdam;escape room rotterdam;;;;liveescape.nl, www.rotterdam.info, escape-team.nl
Rotterdam;bedrijfsuitje rotterdam;;;;www.funvillage.nl, www.dagjeweg.nl, www.wegmetdebaas.nl
Rotterdam;teamuitje rotterdam;;;;alohaevents.nl, thecity.nl, www.uitjeseneten.nl
Rotterdam;vrijgezellenfeest rotterdam;;;;pizzacruiserotterdam.nl, www.thefork.be, www.reddit.com
Den Haag;escaperoom den haag;;;;unlockscheveningen.nl, amaze-escape.com, www.escaperoomsnederland.nl
Den Haag;escape room den haag;;;;amazevr.nl, indebuurt.nl, www.kidsproof.nl
Den Haag;bedrijfsuitje den haag;;;;www.monsterevents.nl, top-uitje.nl, puurdenhaag.nl
Den Haag;teamuitje den haag;;3;;www.uitjeseneten.nl, flitz-events.nl, neverrest.nl
Den Haag;vrijgezellenfeest den haag;8;;https://escapegamethehunt.nl/vrijgezellenfeest-den-haag/;www.vrijgezellenfeest.nl, www.1001activiteiten.nl, www.tbevents.nl
Zoetermeer;escaperoom zoetermeer;;;;www.escaperoomsnederland.nl, escapetalk.nl, www.fijnuit.nl
Zoetermeer;escape room zoetermeer;;;;www.tripadvisor.nl, www.dagjeweg.nl, escapetalk.nl
Zoetermeer;bedrijfsuitje zoetermeer;;;;www.1001activiteiten.nl, www.fijnuit.nl, silverdome.nl
Zoetermeer;teamuitje zoetermeer;;;;gamecity.nl, uitjesbazen.nl, silverdome.nl
Zoetermeer;vrijgezellenfeest zoetermeer;;;;www.vrijgezellenfeest-organiseren.nl, www.adventurecityrotterdam.nl, silverdome.nl
Dordrecht;escaperoom dordrecht;;;;www.escaperoomdordrecht.nl, www.escaperoomsnederland.nl, escapetalk.nl
Dordrecht;escape room dordrecht;;;;escapetalk.nl, indebuurt.nl, nl.escapeall.com
Dordrecht;bedrijfsuitje dordrecht;;;;dordtevents.nl, www.stadsarrangement.nl, www.wegmetdebaas.nl
Dordrecht;teamuitje dordrecht;;;;www.adventurecityrotterdam.nl, www.wegmetdebaas.nl, uitjesenevenementen.nl
Dordrecht;vrijgezellenfeest dordrecht;;;;vrijgezellenfeestjedordrecht.nl, www.monsterevents.nl, www.dordrechtnieuws.nl
Middelburg;escaperoom middelburg;;;;www.escaperoomsnederland.nl, prisonisland.nl, escapetalk.nl
Middelburg;escape room middelburg;;;;zeeuwsegasten.nl, prisonisland.nl, prisonisland.nl
Middelburg;bedrijfsuitje middelburg;;;;bouncevalley.nl, urbanhunt.nl, www.uitjeseneten.nl
Middelburg;teamuitje middelburg;;;;www.kloegcollection.com, www.tripadvisor.nl, www.1001activiteiten.nl
Middelburg;vrijgezellenfeest middelburg;;;;www.vrijgezellenfeest-organiseren.nl, www.1001activiteiten.nl, www.vertigo-sports.com
Terneuzen;escaperoom terneuzen;3;;https://escapegamethehunt.nl/escape-game-the-hunt-locaties/escape-game-the-hunt-terneuzen/;www.zeeland.com, escaperoom-events.nl, escapegamethehunt.nl
Terneuzen;escape room terneuzen;3;;https://escapegamethehunt.nl/escape-game-the-hunt-locaties/escape-game-the-hunt-terneuzen/;www.zeeland.com, escaperoom-events.nl, escapegamethehunt.nl
Terneuzen;bedrijfsuitje terneuzen;;;;uitjesbazen.nl, www.wegmetdebaas.nl, www.uitjeseneten.nl
Terneuzen;teamuitje terneuzen;;;;www.wegmetdebaas.nl, www.teambuilding-tips.nl, uitjesbazen.nl
Terneuzen;vrijgezellenfeest terneuzen;;;;www.vriendinnenweekend.nl, www.groepsweekend.nl, www.sameninterneuzen.nl
Eindhoven;escaperoom eindhoven;;;;www.kidsproof.nl, www.tripadvisor.nl, www.escaperoomeindhoven.nl
Eindhoven;escape room eindhoven;;;;allineindhoven.nl, www.escaperoomeindhoven.nl, www.escaperoom-eindhoven.nl
Eindhoven;bedrijfsuitje eindhoven;;;;www.monsterevents.nl, www.wegmetdebaas.nl, www.doe-eindhoven.nl
Eindhoven;teamuitje eindhoven;;;;www.uitjeseneten.nl, www.stadsarrangement.nl, www.rabauw.org
Eindhoven;vrijgezellenfeest eindhoven;;;;crazy88-events.nl, www.1001activiteiten.nl, www.1001activiteiten.nl
Tilburg;escaperoom tilburg;28;1;https://escapegamethehunt.nl/escape-game-the-hunt-locaties/escape-game-the-hunt-tilburg/;escapeworld.nl, groepsuitjestilburg.nl, www.tripadvisor.com
Tilburg;escape room tilburg;26;1;https://escapegamethehunt.nl/escape-game-the-hunt-locaties/escape-game-the-hunt-tilburg/;groepsuitjestilburg.nl, escapeworld.nl, escape-team.nl
Tilburg;bedrijfsuitje tilburg;;;;www.teamuitstapje.nl, www.verrassendtilburgenmeer.nl, www.wegmetdebaas.nl
Tilburg;teamuitje tilburg;13;;https://escapegamethehunt.nl/teamuitje-tilburg-organiseren-beleef-90-minuten-actie-met-the-hunt/;www.teamuitstapje.nl, www.wegmetdebaas.nl, doloris.nl
Tilburg;vrijgezellenfeest tilburg;15;;https://escapegamethehunt.nl/vrijgezellenfeest-tilburg/;www.vrijgezellenfeest.nl, nos.nl, www.tbevents.nl
Maastricht;escaperoom maastricht;6;;https://escapegamethehunt.nl/escape-game-the-hunt-locaties/escape-game-the-hunt-maastricht/;www.kidsproof.nl, www.facebook.com, mysteryhouse.nl
Maastricht;escape room maastricht;;;;www.roomescapemaastricht.nl, www.visitmaastricht.com, www.visitmaastricht.com
Maastricht;bedrijfsuitje maastricht;;;;forton-events.com, www.exploremaastricht.nl, maastrichtseuitjes.nl
Maastricht;teamuitje maastricht;;;;www.welkomlimburg.nl, maastrichtexcursies.nl, www.monsterevents.nl
Maastricht;vrijgezellenfeest maastricht;;;;qula.info, maastrichtexcursies.nl, www.1001activiteiten.nl
Venlo;escaperoom venlo;;;;morty.app, www.waardevolgenieten.rendiz.nl, www.teamtrapped.com
Venlo;escape room venlo;7;;https://escapegamethehunt.nl/escape-game-the-hunt-locaties/escape-game-the-hunt-venlo/;www.teamtrapped.com, www.escaperoomsnederland.nl, www.ketelfabriek.nl
Venlo;bedrijfsuitje venlo;;;;uitjesbazen.nl, www.wegmetdebaas.nl, www.tbevents.nl
Venlo;teamuitje venlo;;;;www.ninabellen.nl, www.wegmetdebaas.nl, www.ninabellen.nl
Venlo;vrijgezellenfeest venlo;;;;www.evenuit.com, www.onemotion.nl, www.1001activiteiten.nl
